﻿{"cameraMode":{"drawMode":24,"name":"Light Overlap","section":"Baked Global Illumination"},"sceneLighting":true,"audioPlay":false,"sceneViewState":{"showFog":true,"showMaterialUpdate":false,"showSkybox":true,"showFlares":true,"showImageEffects":true,"showParticleSystems":true},"in2DMode":false,"pivot":{"x":17.4140625,"y":3.53125,"z":23.015625},"rotation":{"x":0.06684456765651703,"y":0.2443990558385849,"z":-0.016889099031686784,"w":0.9672205448150635},"size":16.106754302978517,"orthographic":true}